emailID,password
john.smith01@gmail.com,Str0ng!Pass2024
emma.jones92@yahoo.com,Qwerty2024!
oliver.brown87@hotmail.com,Passw0rd*2024
sophia.davis10@gmail.com,LetsGo@2024
liam.taylor21@yahoo.com,Li@M2024pass
ava.thomas33@gmail.com,Ava_123$789
mason.white77@gmail.com,Welcome#2024
mia.harris55@gmail.com,Mia!P@ssWord
logan.clark44@hotmail.com,Clark!2024Q
isabella.lewis02@gmail.com,ISA2024@lewis
lucas.walker12@gmail.com,Luke$2024!
charlotte.hall66@yahoo.com,Ch@rLottE2024
elijah.allen28@gmail.com,Eli#2024Allen
amelia.young51@gmail.com,Amelia202$pass
james.king19@yahoo.com,James!2024king
harper.wright29@gmail.com,H@rper!2022
benjamin.scott34@gmail.com,BeNjamin*2024
ella.green76@gmail.com,EllaG!2024
henry.baker11@hotmail.com,H3nry@2025
abigail.adams03@gmail.com,Abby$Adams2024
jackson.hill60@yahoo.com,JackHill#2023
emily.morris70@gmail.com,Em1ly!2024
sebastian.cook13@gmail.com,SebCook@2024
avery.cooper15@gmail.com,Av3ry#2023
daniel.ward18@hotmail.com,DWard!2024
scarlett.flores09@gmail.com,Scarlet@2024
matthew.rivera65@gmail.com,MattR2024!
grace.price27@gmail.com,Grace$2024
samuel.brooks39@gmail.com,SamBrooks_24!
chloe.bell88@yahoo.com,Chloe!Bell88
jackson.kelly41@gmail.com,JackK2024@
lucy.bennett56@gmail.com,Lucy56@Pass
carter.bailey22@hotmail.com,Carter#2024!
madison.jenkins63@gmail.com,MaddyJ@2024!
wyatt.patterson30@yahoo.com,WyaTT_2024
penelope.reed24@gmail.com,Pen#2024Reed
leo.watson81@gmail.com,LeoWat!2024
riley.wood09@gmail.com,RileyWood09$
victoria.hughes78@gmail.com,V!ctoria#78
jayden.evans17@yahoo.com,Jayd3n2024@
nora.richards35@gmail.com,Nora_Rich@2024
dylan.sanders05@gmail.com,Dylan!Sanders
zoe.long25@gmail.com,ZoeLong_2024!
isaac.diaz58@hotmail.com,Isaac#58Pass
layla.perry14@gmail.com,Layla$14$2024
gabriel.hughes80@yahoo.com,Gabriel@2024!
samantha.neal32@gmail.com,SNeal*2024
ethan.simmons49@gmail.com,Ethan!S!mmons
audrey.foster18@gmail.com,AudreyF@18
julian.barnes92@gmail.com,Julian92!
aria.ross75@yahoo.com,Aria_75@2024
david.roberts40@gmail.com,David!40
ella.bailey13@gmail.com,EllaB!2024
nathan.reynolds72@gmail.com,NateR_72!
lily.ramos37@yahoo.com,Lily@Ramos37
andrew.griffin02@gmail.com,AndyGriff02!
hazel.torres48@gmail.com,HazeL*2024
joshua.jenkins19@gmail.com,JoshJ@19
sadie.gomez61@gmail.com,Sadie2024#
jacob.murray22@hotmail.com,Jacob*2024
camila.phillips09@gmail.com,CamilaP#09
michael.turner82@gmail.com,Michael!82
aria.morris23@gmail.com,AriaMor_23
nicholas.leon17@yahoo.com,Nicholas@17!
ruby.harrison66@gmail.com,RubyH#66
alexander.hicks05@gmail.com,AlexHicks!05
ellie.campbell74@gmail.com,Ellie2024!
logan.hernandez16@gmail.com,LoganH@2024
scarlett.freedman08@gmail.com,Scarlett08#
olivia.parker72@gmail.com,OliviaP#72
joseph.anderson83@yahoo.com,JosephA!83
harper.pearson20@gmail.com,Harper20@
ethan.henderson27@gmail.com,EthanH@27
emily.spencer11@gmail.com,EmilyS!11
jack.matthews18@hotmail.com,JackM@18
grace.hamilton44@gmail.com,GraceH_44
henry.douglas30@gmail.com,HenryD@30!
mila.lawrence54@gmail.com,MilaLaw#54
liam.connor09@gmail.com,LiamC@09
sofia.carter12@gmail.com,Sofia#12
logan.miller03@gmail.com,LoganMiller03@
mia.jamison65@gmail.com,MiaJ65!
isaiah.webb89@gmail.com,IsaiahW!89
avery.moore06@hotmail.com,AveryM#06
layla.howard21@gmail.com,Layla@21!
mason.bryant47@gmail.com,MasonB47#
stella.mckenzie32@gmail.com,StellaM@32
jacob.nelson24@gmail.com,JacobN24!
zoey.reyes52@yahoo.com,ZoeyR#52
luna.warren75@gmail.com,LunaW75#
sebastian.mitchell18@gmail.com,SebM18#
lucy.reid29@gmail.com,Lucy29@
leo.boyd60@gmail.com,LeoBoyd60#
anna.elliott34@gmail.com,AnnaE34!
james.bradley07@gmail.com,JamesB@07
nora.burton53@yahoo.com,NoraB53#
madelyn.hall13@gmail.com,MadelynH@13
william.franklin50@gmail.com,WillF50!
hannah.daniels22@gmail.com,HannahD22@
carter.malone06@yahoo.com,CarterM06#
hazel.moss45@gmail.com,HazelM45!
ryan.webster09@gmail.com,RyanW09@
maya.steele28@gmail.com,MayaS@28
